id,names,address,full,postal_code,region,street,ratings,reviews,url,image,kingRoom,queenRoom,qPrice,kPrice
1,Thompson Central Park - New York,USA,"119 West 56th Street, New York, NY 10019, United States of America",NY 10019,New York,119 West 56th Street,7.9,454,https://www.booking.com/hotel/us/thompson-centralpark.html?selected_currency=USD&changed_currency=1&top_currency=1&lang=en-us&group_adults=2&no_rooms=1&price=USD-0-999999-1,https://t-cf.bstatic.com/xdata/images/hotel/max1024x768/331970821.jpg?k=28a48e10a157eeaf6121ec51b867563d3ca67b64e8eb4633c4a91336a710de84&o=&hp=1,50,80,150,200
2,"Le Meridien New York, Central Park",USA,"120 West 57th Street, New York, NY 10019, United States of America",NY 10019,New York,120 West 57th Street,7.3,489,https://www.booking.com/hotel/us/new-york-central-park-le-meridien.html?selected_currency=USD&changed_currency=1&top_currency=1&lang=en-us&group_adults=2&no_rooms=1&price=USD-0-999999-1,https://t-cf.bstatic.com/xdata/images/hotel/max1024x768/219125712.jpg?k=f9a54bc5f52da65d0adea1413eb9280e939902c7db3e8d95e3e097f6dc97702c&o=&hp=1,50,80,150,200
3,3/2 Columbus Circle #3,USA,"325 West 57th Street, Hell's Kitchen, New York, NY 10019, United States of America",NY 10019,New York,325 West 57th Street,10,1,https://www.booking.com/hotel/us/large-amp-luxurious-3-bed-47-2-bath-apartment-with-outdoor-space-near-central-pa.html?selected_currency=USD&changed_currency=1&top_currency=1&lang=en-us&group_adults=2&no_rooms=1&price=USD-0-999999-1,https://cf.bstatic.com/xdata/images/hotel/max1024x768/111013287.jpg?k=7d668bb3797f21bdcbc26ea776f7403d2c26321d106629404cc0c749ad0f4ea9&o=&hp=1,50,80,150,200
4,Entire Apartment near Central Park,USA,"418 West 56th Street, Hell's Kitchen, New York, NY 10019, United States of America",NY 10019,New York,418 West 56th Street,7.8,9,https://www.booking.com/hotel/us/entire-apartment-near-central-park.html?selected_currency=USD&changed_currency=1&top_currency=1&lang=en-us&group_adults=2&no_rooms=1&price=USD-0-999999-1,https://cf.bstatic.com/xdata/images/hotel/max1024x768/317229521.jpg?k=e9f2e340c496767ddfc42570e5637b016c350e87c37334b01432c5b8aeecbbf5&o=&hp=1,50,80,150,200
5,Residence Inn by Marriott New York Manhattan/Central Park,USA,"1717 Broadway, New York, NY 10019, United States of America",NY 10019,New York,1717 Broadway,8.4,1301,https://www.booking.com/hotel/us/residence-inn-by-marriott-new-york-manhattan-central-park-new-york.html?selected_currency=USD&changed_currency=1&top_currency=1&lang=en-us&group_adults=2&no_rooms=1&price=USD-0-999999-1,https://t-cf.bstatic.com/xdata/images/hotel/max1024x768/84369910.jpg?k=3dae219e750b2f517d85945a018599ab5782a50ddb17cbff15abedf40e9b639c&o=&hp=1,50,80,150,200
6,Ameritania at Times Square,USA,"230 West 54th Street, New York, NY 10019, United States of America",NY 10019,New York,230 West 54th Street,7.8,3435,https://www.booking.com/hotel/us/ameritania-manhattan.html?selected_currency=USD&changed_currency=1&top_currency=1&lang=en-us&group_adults=2&no_rooms=1&price=USD-0-999999-1,https://cf.bstatic.com/xdata/images/hotel/max1024x768/58065044.jpg?k=dd830410d43aa82566b60fcce81d7927ff397da01ad4181329c6d90922991d5b&o=&hp=1,50,80,150,200
7,Courtyard by Marriott New York Manhattan/Central Park,USA,"1717 Broadway, New York, NY 10019, United States of America",NY 10019,New York,1717 Broadway,8.2,3072,https://www.booking.com/hotel/us/courtyard-by-marriott-new-york-manhattan-central-park.html?selected_currency=USD&changed_currency=1&top_currency=1&lang=en-us&group_adults=2&no_rooms=1&price=USD-0-999999-1,https://cf.bstatic.com/xdata/images/hotel/max1024x768/54838222.jpg?k=36ebd35262525e09b3f797714cd76c1def27ed753e69337cb33b070582d51d14&o=&hp=1,50,80,150,200
8,Hilton Garden Inn Central Park South,USA,"237 West 54th Street, New York, NY 10019, United States of America",NY 10019,New York,237 West 54th Street,7.2,5311,https://www.booking.com/hotel/us/hilton-garden-inn-central-park-south.html?selected_currency=USD&changed_currency=1&top_currency=1&lang=en-us&group_adults=2&no_rooms=1&price=USD-0-999999-1,https://cf.bstatic.com/xdata/images/hotel/max1024x768/76827931.jpg?k=04f9b62e74ca277f91067d7c318dee77a8cbe527675b8646e0e40fa4cf164c63&o=&hp=1,50,80,150,200
9,Carnegie Hotel,USA,"160 West 56th Street, New York, NY 10019, United States of America",NY 10019,New York,160 West 56th Street,8.6,818,https://www.booking.com/hotel/us/carnegie-hotel-new-york.html?selected_currency=USD&changed_currency=1&top_currency=1&lang=en-us&group_adults=2&no_rooms=1&price=USD-0-999999-1,https://cf.bstatic.com/xdata/images/hotel/max1024x768/115135123.jpg?k=4adc7e4e5ec0a2513e29d35309623238611216ce613378f7328b923f411ed360&o=&hp=1,50,80,150,200
10,Dream Midtown,USA,"210 West 55th Street, New York, NY 10019, United States of America",NY 10019,New York,210 West 55th Street,7.6,703,https://www.booking.com/hotel/us/dream-new-york.html?selected_currency=USD&changed_currency=1&top_currency=1&lang=en-us&group_adults=2&no_rooms=1&price=USD-0-999999-1,https://cf.bstatic.com/xdata/images/hotel/max1024x768/59836253.jpg?k=46cb8074f7353b9a0e5118fafb044f0e6f2bbfdae32f773442c5e6d2f661b840&o=&hp=1,50,80,150,200
11,Park Central,USA,"870 7th Avenue at 56th Street, New York, NY 10019, United States of America",NY 10019,New York,870 7th Avenue at 56th Street,7.7,2759,https://www.booking.com/hotel/us/park-central.html?selected_currency=USD&changed_currency=1&top_currency=1&lang=en-us&group_adults=2&no_rooms=1&price=USD-0-999999-1,https://cf.bstatic.com/xdata/images/hotel/max1024x768/19082406.jpg?k=17006a7c87dc25893e47ceec1ea1abe180ddead15f7ef8cc3fc261a253da1044&o=&hp=1,50,80,150,200
12,WestHouse Hotel New York,USA,"201 West 55th Street, New York, NY 10019, United States of America",NY 10019,New York,201 West 55th Street,8.1,576,https://www.booking.com/hotel/us/westhouse-new-york.html?selected_currency=USD&changed_currency=1&top_currency=1&lang=en-us&group_adults=2&no_rooms=1&price=USD-0-999999-1,https://cf.bstatic.com/xdata/images/hotel/max1024x768/99760688.jpg?k=c032cc0dbf582aaf8f8997817453dbc466590de897f60ec47f2b14a950009031&o=&hp=1,50,80,150,200
13,Empire Hotel,USA,"44 West 63rd Street, Upper West Side, New York, NY 10023, United States of America",NY 10023,New York,44 West 63rd Street,7.1,2258,https://www.booking.com/hotel/us/the-empire.html?selected_currency=USD&changed_currency=1&top_currency=1&lang=en-us&group_adults=2&no_rooms=1&price=USD-0-999999-1,https://t-cf.bstatic.com/xdata/images/hotel/max1024x768/61881589.jpg?k=6269ba5ba3798b2373a2a6647df673b01b3b2ee53edf7dd9284cb9879507f929&o=&hp=1,50,80,150,200
14,JW Marriott Essex House New York,USA,"160 Central Park South, New York, NY 10019, United States of America",NY 10019,New York,160 Central Park South,8.1,272,https://www.booking.com/hotel/us/j-e-house-new-york-new-york.html?selected_currency=USD&changed_currency=1&top_currency=1&lang=en-us&group_adults=2&no_rooms=1&price=USD-0-999999-1,https://cf.bstatic.com/xdata/images/hotel/max1024x768/148336140.jpg?k=c46eef49b5af5257bbc8881ec6578245538bd95e359cb5582514f3fdfd43bf6f&o=&hp=1,50,80,150,200
15,The Manhattan Club,USA,"200 West 56th Street, New York, NY 10019, United States of America",NY 10019,New York,200 West 56th Street,8.1,1541,https://www.booking.com/hotel/us/the-manhattan-club.html?selected_currency=USD&changed_currency=1&top_currency=1&lang=en-us&group_adults=2&no_rooms=1&price=USD-0-999999-1,https://cf.bstatic.com/xdata/images/hotel/max1024x768/202656761.jpg?k=4605c0c7102efdf2d257fcf2cea4e80e364d4e5dc0c8c867d79082be0332f0ac&o=&hp=1,50,80,150,200
16,Moderne Hotel,USA,"243 West 55th Street, New York, NY 10019, United States of America",NY 10019,New York,243 West 55th Street,8,509,https://www.booking.com/hotel/us/monderne.html?selected_currency=USD&changed_currency=1&top_currency=1&lang=en-us&group_adults=2&no_rooms=1&price=USD-0-999999-1,https://t-cf.bstatic.com/xdata/images/hotel/max1024x768/63338224.jpg?k=dddb7a1e5ab914d39d48c384a76bf0d1e704432826c81fbdc75a3d0030cc4c3a&o=&hp=1,50,80,150,200
17,Roomy and Comfortable 2BR Apartment near Central Park NYC,USA,"241 W 55th St, New York, NY 10019, USA, New York, 10019, United States of America",10019,New York,"241 W 55th St, New York, NY 10019, USA",,0,https://www.booking.com/hotel/us/roomy-and-comfortable-2br-apartment-near-central-park-nyc.html?selected_currency=USD&changed_currency=1&top_currency=1&lang=en-us&group_adults=2&no_rooms=1&price=USD-0-999999-1,https://t-cf.bstatic.com/xdata/images/hotel/max1024x768/378051112.jpg?k=733d9803bd65154accbff3b5d62a89f9ea80c5a9e0b69e8fea6ed276334757e2&o=&hp=1,50,80,150,200
18,West Side YMCA,USA,"5 West 63rd Street, Upper West Side, New York, NY 10023, United States of America",NY 10023,New York,5 West 63rd Street,6.8,6725,https://www.booking.com/hotel/us/west-side-ymca.html?selected_currency=USD&changed_currency=1&top_currency=1&lang=en-us&group_adults=2&no_rooms=1&price=USD-0-999999-1,https://cf.bstatic.com/xdata/images/hotel/max1024x768/204079362.jpg?k=ad3e3b9e935728478fd7d2c0c871198135bb522158b35ed9f23cb312a067110d&o=&hp=1,50,80,150,200
19,Nap York Central Park Sleep Station,USA,"940 8th Avenue 4th floor, New York, NY 10019, United States of America",NY 10019,New York,940 8th Avenue 4th floor,8.3,805,https://www.booking.com/hotel/us/nap-york-new-york1.html?selected_currency=USD&changed_currency=1&top_currency=1&lang=en-us&group_adults=2&no_rooms=1&price=USD-0-999999-1,https://t-cf.bstatic.com/xdata/images/hotel/max1024x768/320984985.jpg?k=b8f97c1f344ce690ff851ec6dc858943a16561f03550029df896ee2165bd4a3c&o=&hp=1,50,80,150,200
20,Jazz on Columbus Circle Hostel,USA,"940 8th Avenue, New York, NY 10019, United States of America",NY 10019,New York,940 8th Avenue,7.2,1838,https://www.booking.com/hotel/us/jazz-on-columbus-circle-hostel.html?selected_currency=USD&changed_currency=1&top_currency=1&lang=en-us&group_adults=2&no_rooms=1&price=USD-0-999999-1,https://t-cf.bstatic.com/xdata/images/hotel/max1024x768/365385972.jpg?k=2999c5faa2d7e2ddbee4c2486945b1893c45719c78fc293d2b47f7332d8f868a&o=&hp=1,50,80,150,200
21,Da Vinci Hotel,USA,"244 West 56th street, New York, NY 10019, United States of America",NY 10019,New York,244 West 56th street,7.4,594,https://www.booking.com/hotel/us/da-vinci.html?selected_currency=USD&changed_currency=1&top_currency=1&lang=en-us&group_adults=2&no_rooms=1&price=USD-0-999999-1,https://cf.bstatic.com/xdata/images/hotel/max1024x768/38804249.jpg?k=9809acfd2ce425dd4fd9dd48f4d1145c986c3c7220574b00423db515e9fa6640&o=&hp=1,50,80,150,200
22,Global Luxury Suites at Symphony House,USA,"235 West 56th Street, New York, NY 10019, United States of America",NY 10019,New York,235 West 56th Street,6.7,3,https://www.booking.com/hotel/us/luxury-apartments-minutes-away-from-the-theater-district.html?selected_currency=USD&changed_currency=1&top_currency=1&lang=en-us&group_adults=2&no_rooms=1&price=USD-0-999999-1,https://cf.bstatic.com/xdata/images/hotel/max1024x768/66614798.jpg?k=e9fc69c554a41cc977b2cf271c8bdc7c089ff343565df28a0072fc89c3ae01dc&o=&hp=1,50,80,150,200
23,Bluebird Suites in Midtown West,USA,"235 West 56th Street, New York, NY 10019, United States of America",NY 10019,New York,235 West 56th Street,,0,https://www.booking.com/hotel/us/bluebird-suites-in-midtown-west.html?selected_currency=USD&changed_currency=1&top_currency=1&lang=en-us&group_adults=2&no_rooms=1&price=USD-0-999999-1,https://cf.bstatic.com/xdata/images/hotel/max1024x768/83687695.jpg?k=7372dae734986e193264fbb662f9883620e8dc5e865b3361ad500b31823f9e87&o=&hp=1,50,80,150,200
24,Mandarin Oriental New York,USA,"80 Columbus Circle, Upper West Side, New York, NY 10023, United States of America",NY 10023,New York,80 Columbus Circle,8.6,211,https://www.booking.com/hotel/us/mandarin-oriental.html?selected_currency=USD&changed_currency=1&top_currency=1&lang=en-us&group_adults=2&no_rooms=1&price=USD-0-999999-1,https://t-cf.bstatic.com/xdata/images/hotel/max1024x768/174729191.jpg?k=71c9703882d9db471ada507725fcc606fb876e40dd8d3ae5bede99526934b264&o=&hp=1,50,80,150,200
25,Trump International New York,USA,"One Central Park West, Upper West Side, New York, NY 10023, United States of America",NY 10023,New York,One Central Park West,8.9,942,https://www.booking.com/hotel/us/trump-international-new-york.html?selected_currency=USD&changed_currency=1&top_currency=1&lang=en-us&group_adults=2&no_rooms=1&price=USD-0-999999-1,https://cf.bstatic.com/xdata/images/hotel/max1024x768/78707107.jpg?k=2cf7e08a9f80b3ff5a2f856a3c09a2fe28961605697c1a66c76a4f44cef19577&o=&hp=1,50,80,150,200
26,citizenM New York Times Square,USA,"218 West 50th Street, New York, NY 10019, United States of America",NY 10019,New York,218 West 50th Street,8.8,3093,https://www.booking.com/hotel/us/citizenm-new-york-times-square-new-york.html?selected_currency=USD&changed_currency=1&top_currency=1&lang=en-us&group_adults=2&no_rooms=1&price=USD-0-999999-1,https://cf.bstatic.com/xdata/images/hotel/max1024x768/267120053.jpg?k=c7b756d37479abc632d41b09d15c925efa1de89f08216ff41f49eb209a89c7c8&o=&hp=1,50,80,150,200
27,The Plaza,USA,"Fifth Avenue at Central Park South, New York, NY 10019, United States of America",NY 10019,New York,Fifth Avenue at Central Park South,8.3,323,https://www.booking.com/hotel/us/the-plaza.html?selected_currency=USD&changed_currency=1&top_currency=1&lang=en-us&group_adults=2&no_rooms=1&price=USD-0-999999-1,https://cf.bstatic.com/xdata/images/hotel/max1024x768/260383552.jpg?k=10dc61c4f781c977c40ff9d88d0eb70ac8a7f8dcae94206a011916589bdcd254&o=&hp=1,50,80,150,200
28,Square Hotel at Times Square,USA,"226 West 50th Street, New York, NY 10019, United States of America",NY 10019,New York,226 West 50th Street,7.1,2190,https://www.booking.com/hotel/us/amsterdam-court.html?selected_currency=USD&changed_currency=1&top_currency=1&lang=en-us&group_adults=2&no_rooms=1&price=USD-0-999999-1,https://t-cf.bstatic.com/xdata/images/hotel/max1024x768/163528838.jpg?k=571c476f87740fe28dcc3155527f786019ad7c27c94825463d57b42d203b135a&o=&hp=1,50,80,150,200
29,Michelangelo Hotel,USA,"152 West 51st Street, New York, NY 10019, United States of America",NY 10019,New York,152 West 51st Street,8.5,554,https://www.booking.com/hotel/us/the-michelangelo.html?selected_currency=USD&changed_currency=1&top_currency=1&lang=en-us&group_adults=2&no_rooms=1&price=USD-0-999999-1,https://t-cf.bstatic.com/xdata/images/hotel/max1024x768/180073493.jpg?k=ea99656fdc6e6222d9ad159e6c79a2fa50e3c40177454f126b0c6ed56eacc731&o=&hp=1,50,80,150,200
30,Fairfield Inn & Suites by Marriott New York Manhattan/Central Park,USA,"538 West 58th Street, Hell's Kitchen, New York, NY 10019, United States of America",NY 10019,New York,538 West 58th Street,8,964,https://www.booking.com/hotel/us/fairfield-inn-suites-by-marriott-new-york-manhattan-central-park.html?selected_currency=USD&changed_currency=1&top_currency=1&lang=en-us&group_adults=2&no_rooms=1&price=USD-0-999999-1,https://t-cf.bstatic.com/xdata/images/hotel/max1024x768/87162232.jpg?k=d07adec9a0ff92409153f20b15ce992b6dd05b3be585f73b49a6f0a3bb9fee63&o=&hp=1,50,80,150,200
31,Warwick New York,USA,"65 West 54th street, New York, NY 10019, United States of America",NY 10019,New York,65 West 54th street,7.9,4562,https://www.booking.com/hotel/us/the-warwick-new-york.html?selected_currency=USD&changed_currency=1&top_currency=1&lang=en-us&group_adults=2&no_rooms=1&price=USD-0-999999-1,https://cf.bstatic.com/xdata/images/hotel/max1024x768/98978448.jpg?k=08b796f823ea83d3d71e79a3b8fcc710e74150177ea4cd8b42718d47f38d65e6&o=&hp=1,50,80,150,200
32,The Westin St. Francis San Francisco on Union Square,USA,,CA 95012,San Francisco,119 West 56th Street,8.4,1,https://www.booking.com/hotel/us/the-westin-st-francis.html?selected_currency=USD&changed_currency=1&top_currency=1&lang=en-us&group_adults=2&no_rooms=1&price=USD-0-999999-1,https://cf.bstatic.com/xdata/images/hotel/square200/336374849.webp?k=5afbd685d69cc0e953254913abc73552cbd5f1ba1d15b191395882c96068323e&o=&s=1,50,80,150,200
33,Hotel Stratford,USA,,CA 95013,San Francisco,120 West 57th Street,7.5,4,https://www.booking.com/hotel/us/stratford.html?selected_currency=USD&changed_currency=1&top_currency=1&lang=en-us&group_adults=2&no_rooms=1&price=USD-0-999999-1,https://cf.bstatic.com/xdata/images/hotel/square200/349172996.webp?k=ece1dc86327092a2fbd83f5582ad7726623f7758360d22aefc05f5bd3cc7a824&o=&s=1,50,80,150,200
34,Villa Florence Hotel,USA,,CA 95014,San Francisco,325 West 57th Street,7.4,3,https://www.booking.com/hotel/us/villa-florence.html?selected_currency=USD&changed_currency=1&top_currency=1&lang=en-us&group_adults=2&no_rooms=1&price=USD-0-999999-1,https://cf.bstatic.com/xdata/images/hotel/square200/349514541.webp?k=c5f078c227316377b8b7bba5c3ad2afb23fd73c100342fd0fc7ba2b0ff2d6bfc&o=&s=1,50,80,150,200
35,Chancellor Hotel on Union Square,USA,,CA 95015,San Francisco,418 West 56th Street,8.7,1,https://www.booking.com/hotel/us/chancellor-on-union-square.html?selected_currency=USD&changed_currency=1&top_currency=1&lang=en-us&group_adults=2&no_rooms=1&price=USD-0-999999-1,https://cf.bstatic.com/xdata/images/hotel/square200/125408085.webp?k=bdf7094854c6b0b83e0db55bc11e8244a5d5d37fec063b20f55f848c0865bc66&o=&s=1,50,80,150,200
36,Handlery Union Square Hotel,USA,,CA 95016,San Francisco,1717 Broadway,8.1,3,https://www.booking.com/hotel/us/handlery-union-square.html?selected_currency=USD&changed_currency=1&top_currency=1&lang=en-us&group_adults=2&no_rooms=1&price=USD-0-999999-1,https://cf.bstatic.com/xdata/images/hotel/square200/77849034.webp?k=cc064fd4766234f7d019c24f12739f32fe8109a7376e5dbcab31f0ab3b255615&o=&s=1,50,80,150,200
37,Inn at Union Square,USA,,CA 95017,San Francisco,230 West 54th Street,9,2,https://www.booking.com/hotel/us/inn-at-union-square.html?selected_currency=USD&changed_currency=1&top_currency=1&lang=en-us&group_adults=2&no_rooms=1&price=USD-0-999999-1,https://cf.bstatic.com/xdata/images/hotel/square200/85800014.webp?k=f94533dbb3110009e14f6b7b84f9a1ec92cd240be59efc634b296c2a4755306c&o=&s=1,50,80,150,200
38,Beacon Grand A Union Square Hotel Formerly Sir Francis Drake Hotel,USA,,CA 95018,San Francisco,1717 Broadway,8.2,1,https://www.booking.com/hotel/us/sir-francis-drake.html?selected_currency=USD&changed_currency=1&top_currency=1&lang=en-us&group_adults=2&no_rooms=1&price=USD-0-999999-1,https://cf.bstatic.com/xdata/images/hotel/square200/384114312.webp?k=6d5d0025f9a59dec7cf9453916b1a39c2ff131534401ae2dc20908937c0d3273&o=&s=1,50,80,150,200
39,Taj Campton Place,USA,,CA 95019,San Francisco,237 West 54th Street,8.4,1,https://www.booking.com/hotel/us/campton-place-taj.html?selected_currency=USD&changed_currency=1&top_currency=1&lang=en-us&group_adults=2&no_rooms=1&price=USD-0-999999-1,https://cf.bstatic.com/xdata/images/hotel/square200/29048292.webp?k=d74a376b03f052ccda41f43a85780d52e3bc2cf971719801dd5d4f7c680e476f&o=&s=1,50,80,150,200
40,Grand Hyatt San Francisco Union Square,USA,,CA 95020,San Francisco,160 West 56th Street,8.4,1,https://www.booking.com/hotel/us/grand-hyatt-san-francisco.html?selected_currency=USD&changed_currency=1&top_currency=1&lang=en-us&group_adults=2&no_rooms=1&price=USD-0-999999-1,https://cf.bstatic.com/xdata/images/hotel/square200/254588957.webp?k=48ba1cac72ea3415b589d47f75d01f17a625115548221d2e46742e43b38352ba&o=&s=1,50,80,150,200
41,Kensington Park Hotel,USA,,CA 95021,San Francisco,210 West 55th Street,8.3,4,https://www.booking.com/hotel/us/kensington-park.html?selected_currency=USD&changed_currency=1&top_currency=1&lang=en-us&group_adults=2&no_rooms=1&price=USD-0-999999-1,https://cf.bstatic.com/xdata/images/hotel/square200/15475215.webp?k=76f8bfb9f27ba8709150316413adb07468087b46182e2b308e75351716b49a0c&o=&s=1,50,80,150,200
42,Herbert Hotel,USA,,CA 95022,San Francisco,870 7th Avenue at 56th Street,7.2,5,https://www.booking.com/hotel/us/hebert.html?selected_currency=USD&changed_currency=1&top_currency=1&lang=en-us&group_adults=2&no_rooms=1&price=USD-0-999999-1,https://cf.bstatic.com/xdata/images/hotel/square200/5995084.webp?k=437da48f6d2fd8728db5b4efba5faf1ed5632dd728c6193323ba7b8c95e9b607&o=&s=1,50,80,150,200
43,San Francisco Marriott Union Square,USA,,CA 95023,San Francisco,201 West 55th Street,8.4,5,https://www.booking.com/hotel/us/san-francisco-marriott-union-square.html?selected_currency=USD&changed_currency=1&top_currency=1&lang=en-us&group_adults=2&no_rooms=1&price=USD-0-999999-1,https://cf.bstatic.com/xdata/images/hotel/square200/86945342.webp?k=44f50200db5fc2bc2ad7aef45c21a3ff09d31d28c35a4b44fc2a62f86f493fa0&o=&s=1,50,80,150,200
44,The Bartlett Hotel and Guesthouse,USA,,CA 95024,San Francisco,44 West 63rd Street,7.3,8,https://www.booking.com/hotel/us/the-bartlett-and-guesthouse.html?selected_currency=USD&changed_currency=1&top_currency=1&lang=en-us&group_adults=2&no_rooms=1&price=USD-0-999999-1,https://cf.bstatic.com/xdata/images/hotel/square200/127828299.webp?k=e96ddbdb34cd2d8393f894ea937d9b033339b1bec6ab42eedbdb18afe8979cc7&o=&s=1,50,80,150,200
45,Hotel G San Francisco,USA,,CA 95025,San Francisco,160 Central Park South,8.3,2,https://www.booking.com/hotel/us/g-san-francisco.html?selected_currency=USD&changed_currency=1&top_currency=1&lang=en-us&group_adults=2&no_rooms=1&price=USD-0-999999-1,https://cf.bstatic.com/xdata/images/hotel/square200/43711837.webp?k=4b048ec471c277b01bf655d016a2efddd6257f9682697b8f0dc452d1d1f01512&o=&s=1,50,80,150,200
46,"The Cartwright Hotel, Union Square BW Premier Collection",USA,,CA 95026,San Francisco,200 West 56th Street,7.8,6,https://www.booking.com/hotel/us/larkspur-union-square.html?selected_currency=USD&changed_currency=1&top_currency=1&lang=en-us&group_adults=2&no_rooms=1&price=USD-0-999999-1,https://cf.bstatic.com/xdata/images/hotel/square200/107509436.webp?k=205d774ffc3ab4d692b74a2b9c9f11924205e8086b2d133bfedae2e68a91e216&o=&s=1,50,80,150,200
47,citizenM San Francisco Union Square,USA,,CA 95027,San Francisco,243 West 55th Street,9,1,https://www.booking.com/hotel/us/citizenm-san-francisco-union-square.html?selected_currency=USD&changed_currency=1&top_currency=1&lang=en-us&group_adults=2&no_rooms=1&price=USD-0-999999-1,https://cf.bstatic.com/xdata/images/hotel/square200/328622199.webp?k=92ca77a83686053029dc8fe78631dc22ad7d09586880d5bdc754ad8a523d1b08&o=&s=1,50,80,150,200
48,The Donatello Hotel,USA,,CA 95028,San Francisco,"241 W 55th St, New York, NY 10019, USA",8.6,4,https://www.booking.com/hotel/us/the-donatello.html?selected_currency=USD&changed_currency=1&top_currency=1&lang=en-us&group_adults=2&no_rooms=1&price=USD-0-999999-1,https://cf.bstatic.com/xdata/images/hotel/square200/292408753.webp?k=365835110e945a6304a7d10b688cc99693f57ae6b9b841ac659e1fbe79174f41&o=&s=1,50,80,150,200
49,King George,USA,,CA 95029,San Francisco,5 West 63rd Street,7.8,1,https://www.booking.com/hotel/us/king-george.html?selected_currency=USD&changed_currency=1&top_currency=1&lang=en-us&group_adults=2&no_rooms=1&price=USD-0-999999-1,https://cf.bstatic.com/xdata/images/hotel/square200/44519478.webp?k=1e0e68a4d13246c43b555729824f8d0dba0ab209cc1eb4473c3a7df8e0fb46e4&o=&s=1,50,80,150,200
50,Palihotel San Francisco,USA,,CA 95030,San Francisco,940 8th Avenue 4th floor,8.3,7,https://www.booking.com/hotel/us/palihotelsanfrancisco.html?selected_currency=USD&changed_currency=1&top_currency=1&lang=en-us&group_adults=2&no_rooms=1&price=USD-0-999999-1,https://cf.bstatic.com/xdata/images/hotel/square200/221396619.webp?k=547cfc016e456fb9b49ebdf3098250c76d227639072939ac5e2ba7e2508a3d56&o=&s=1,50,80,150,200
51,Club Donatello,USA,,CA 95031,San Francisco,940 8th Avenue,9,7,https://www.booking.com/hotel/us/club-donatello.html?selected_currency=USD&changed_currency=1&top_currency=1&lang=en-us&group_adults=2&no_rooms=1&price=USD-0-999999-1,https://cf.bstatic.com/xdata/images/hotel/square200/195354480.webp?k=665322e7635ccb71f032409c28391851c7b9123099218f59922cb7076e3b87c8&o=&s=1,50,80,150,200
52,HI San Francisco Downtown Hostel,USA,,CA 95032,San Francisco,244 West 56th street,8.4,2,https://www.booking.com/hotel/us/hi-san-francisco-downtown.html?selected_currency=USD&changed_currency=1&top_currency=1&lang=en-us&group_adults=2&no_rooms=1&price=USD-0-999999-1,https://cf.bstatic.com/xdata/images/hotel/square200/272143230.webp?k=6bddb6bde740c2af20bd04d0b927df437aad08c1cf00f65bfca12f3ca7b9ae38&o=&s=1,50,80,150,200
53,Hotel Nikko San Francisco,USA,,CA 95033,San Francisco,235 West 56th Street,8.7,2,https://www.booking.com/hotel/us/nikko-san-francisco.html?selected_currency=USD&changed_currency=1&top_currency=1&lang=en-us&group_adults=2&no_rooms=1&price=USD-0-999999-1,https://cf.bstatic.com/xdata/images/hotel/square200/100962688.webp?k=22b22aa3c1e51c7f3ca8dc05e222c861ed40d88feae1b86efafca045acaf5c07&o=&s=1,50,80,150,200
54,Hotel Ikon,USA,,CA 95034,San Francisco,235 West 56th Street,6.5,2,https://www.booking.com/hotel/us/325-sutter-street.html?selected_currency=USD&changed_currency=1&top_currency=1&lang=en-us&group_adults=2&no_rooms=1&price=USD-0-999999-1,https://cf.bstatic.com/xdata/images/hotel/square200/134813064.webp?k=a24b5460830b1db5cddcdb321f54ee29e9738c8e55bd1646db1bf35573231cc1&o=&s=1,50,80,150,200
55,"Hotel Emblem San Francisco, a Viceroy Urban Retreat",USA,,CA 95035,San Francisco,80 Columbus Circle,8.3,3,https://www.booking.com/hotel/us/rex.html?selected_currency=USD&changed_currency=1&top_currency=1&lang=en-us&group_adults=2&no_rooms=1&price=USD-0-999999-1,https://cf.bstatic.com/xdata/images/hotel/square200/195698719.webp?k=47baef90093075d42530bf9d013dd5d5c30e6cf2279b4ba80f514565821bf9e0&o=&s=1,50,80,150,200
56,Union Square Plaza Hotel,USA,,CA 95036,San Francisco,One Central Park West,7,1,https://www.booking.com/hotel/us/union-square-plaza.html?selected_currency=USD&changed_currency=1&top_currency=1&lang=en-us&group_adults=2&no_rooms=1&price=USD-0-999999-1,https://cf.bstatic.com/xdata/images/hotel/square200/56179200.webp?k=e14b480ac3fb36834e1579a9e53934081b8f08dd930b0eddec395f3687632b0c&o=&s=1,50,80,150,200
57,Hotel Des Arts,USA,,CA 95037,San Francisco,218 West 50th Street,6.6,1,https://www.booking.com/hotel/us/des-arts.html?selected_currency=USD&changed_currency=1&top_currency=1&lang=en-us&group_adults=2&no_rooms=1&price=USD-0-999999-1,https://cf.bstatic.com/xdata/images/hotel/square200/325745031.webp?k=e57e4b6f8ca47577fdedf0e80f71905b9caef1f5c163a7add35a40d85fbc8f3a&o=&s=1,50,80,150,200
58,Orchard Garden Hotel,USA,,CA 95038,San Francisco,Fifth Avenue at Central Park South,8.9,8,https://www.booking.com/hotel/us/orchard-garden.html?selected_currency=USD&changed_currency=1&top_currency=1&lang=en-us&group_adults=2&no_rooms=1&price=USD-0-999999-1,https://cf.bstatic.com/xdata/images/hotel/square200/160900857.webp?k=c1ab0bc106560b4dfffbed045abf5be071a359bb599991e632241e8b4bf437fa&o=&s=1,50,80,150,200
59,Rodeway Inn,USA,,CA 95039,San Francisco,226 West 50th Street,4.9,2,https://www.booking.com/hotel/us/taylor-san-francisco.html?selected_currency=USD&changed_currency=1&top_currency=1&lang=en-us&group_adults=2&no_rooms=1&price=USD-0-999999-1,https://cf.bstatic.com/xdata/images/hotel/square200/332756747.webp?k=1e3f03fcdbb5b64432649aeb21df62a309a0921be290e6f6749572da9495ff9e&o=&s=1,50,80,150,200
60,San Francisco Marriott Marquis Union Square,USA,,CA 95040,San Francisco,152 West 51st Street,8.4,2,https://www.booking.com/hotel/us/marriott-marquis-san-francisco.html?selected_currency=USD&changed_currency=1&top_currency=1&lang=en-us&group_adults=2&no_rooms=1&price=USD-0-999999-1,https://cf.bstatic.com/xdata/images/hotel/square200/337814568.webp?k=e481e0f7bce673e4fe9c9350f2c3d5a495312512736295d321df3590c10c234f&o=&s=1,50,80,150,200
61,Hotel Spero,USA,,CA 95041,San Francisco,538 West 58th Street,7.8,8,https://www.booking.com/hotel/us/serrano.html?selected_currency=USD&changed_currency=1&top_currency=1&lang=en-us&group_adults=2&no_rooms=1&price=USD-0-999999-1,https://cf.bstatic.com/xdata/images/hotel/square200/130456067.webp?k=21483b6403281110b8e1b0df228e3f858d0483142b8ad63b2d09dcac198d72a8&o=&s=1,50,80,150,200
62,The Marker San Francisco,USA,,CA 95042,San Francisco,65 West 54th street,7.8,1,https://www.booking.com/hotel/us/marker-hotel-union-square.html?selected_currency=USD&changed_currency=1&top_currency=1&lang=en-us&group_adults=2&no_rooms=1&price=USD-0-999999-1,https://cf.bstatic.com/xdata/images/hotel/square200/38209133.webp?k=f0d298479f42c43f16ebda7d46ec339b01dd6a3af05febcef3871e5265ffdde8&o=&s=1,50,80,150,200
63,White Swan Inn,USA,,CA 95043,San Francisco,354 South Spring Street 401,8.9,7,https://www.booking.com/hotel/us/white-swan-inn.html?selected_currency=USD&changed_currency=1&top_currency=1&lang=en-us&group_adults=2&no_rooms=1&price=USD-0-999999-1,https://cf.bstatic.com/xdata/images/hotel/square200/252709058.webp?k=fe475bb4c475fc55310104af9e6c0137d8370cb6a655e2517d167d71d7cbf0f7&o=&s=1,50,80,150,200
64,Fitzgerald Hotel Union Square,USA,,CA 95044,San Francisco,361 South Spring Street,7.2,3,https://www.booking.com/hotel/us/fitzgerald-union-square.html?selected_currency=USD&changed_currency=1&top_currency=1&lang=en-us&group_adults=2&no_rooms=1&price=USD-0-999999-1,https://cf.bstatic.com/xdata/images/hotel/square200/20237131.webp?k=e8626c0f1426b0081779ef3bf951d16d3dc586e669256697281c69d352259f03&o=&s=1,50,80,150,200
65,"Hotel Bijou, WorldHotels Crafted",USA,,CA 95045,San Francisco,200 South Hill Street,6.4,2,https://www.booking.com/hotel/us/bijou-san-francisco.html?selected_currency=USD&changed_currency=1&top_currency=1&lang=en-us&group_adults=2&no_rooms=1&price=USD-0-999999-1,https://cf.bstatic.com/xdata/images/hotel/square200/311815008.webp?k=fc52b9630bc7240812a77908f2add44d84b65a33fb19dc8e0a40dec4bda876e2&o=&s=1,50,80,150,200
66,Petite Auberge,USA,,CA 95046,San Francisco,328 East 1st Street,8.4,1,https://www.booking.com/hotel/us/petite-auberge.html?selected_currency=USD&changed_currency=1&top_currency=1&lang=en-us&group_adults=2&no_rooms=1&price=USD-0-999999-1,https://cf.bstatic.com/xdata/images/hotel/square200/158569124.webp?k=29d7ceb0eb072b1dd1dba26c11fe9a890b282e3514aa4b848e0f807a85029100&o=&s=1,50,80,150,200
67,Galleria Park Hotel,USA,,CA 95047,San Francisco,327 1/2 E 1st St,8.8,4,https://www.booking.com/hotel/us/galleria-park.html?selected_currency=USD&changed_currency=1&top_currency=1&lang=en-us&group_adults=2&no_rooms=1&price=USD-0-999999-1,https://cf.bstatic.com/xdata/images/hotel/square200/105266069.webp?k=132d76ad93427ff24c4bd2209853daeeb99bd2cc6ac1911161f3c47c7f4cba04&o=&s=1,50,80,150,200
68,Andrews Hotel,USA,,CA 95048,San Francisco,939 South Broadway,8,6,https://www.booking.com/hotel/us/andrews.html?selected_currency=USD&changed_currency=1&top_currency=1&lang=en-us&group_adults=2&no_rooms=1&price=USD-0-999999-1,https://cf.bstatic.com/xdata/images/hotel/square200/19955594.webp?k=2427b49a42054198e31f74c561791c0c1e139da92b30b2d37e5a9432f104fac7&o=&s=1,50,80,150,200
69,Kasa La Monarca San Francisco,USA,,CA 95049,San Francisco,939 South Broadway M5,7.9,8,https://www.booking.com/hotel/us/la-monarca.html?selected_currency=USD&changed_currency=1&top_currency=1&lang=en-us&group_adults=2&no_rooms=1&price=USD-0-999999-1,https://cf.bstatic.com/xdata/images/hotel/square200/258391107.webp?k=d5617c9aa03d4545b5030095f16788f27cd79b21c91630d3dc1f086ec211f2a0&o=&s=1,50,80,150,200
70,Grant Plaza Hotel,USA,,CA 95050,San Francisco,813 South Flower Street,6.8,5,https://www.booking.com/hotel/us/grant-plaza.html?selected_currency=USD&changed_currency=1&top_currency=1&lang=en-us&group_adults=2&no_rooms=1&price=USD-0-999999-1,https://cf.bstatic.com/xdata/images/hotel/square200/101207457.webp?k=3a2f466102ef59cba5d973cb4fb02559ea8e7792246013ae94f12fc882e71bc2&o=&s=1,50,80,150,200
71,Orange Village Hostel,USA,,CA 95051,San Francisco,819 South Flower Street,7.8,1,https://www.booking.com/hotel/us/orange-village-hostel.html?selected_currency=USD&changed_currency=1&top_currency=1&lang=en-us&group_adults=2&no_rooms=1&price=USD-0-999999-1,https://cf.bstatic.com/xdata/images/hotel/square200/200696965.webp?k=e293c3a9378fac20332521e40fc5388ee062a8b03e759248729b592665f17d08&o=&s=1,50,80,150,200
72,Powell Place,USA,,CA 95052,San Francisco,929 South Broadway,9.1,5,https://www.booking.com/hotel/us/powell-place.html?selected_currency=USD&changed_currency=1&top_currency=1&lang=en-us&group_adults=2&no_rooms=1&price=USD-0-999999-1,https://cf.bstatic.com/xdata/images/hotel/square200/355278846.webp?k=b925f9c142bb3fd5da3691eb3b94c78d11a36a825f139d97e6e4c38b0a1879c3&o=&s=1,50,80,150,200
73,Hyatt Regency San Francisco Downtown SOMA,USA,,CA 95053,San Francisco,600 South Spring Street,8.5,1,https://www.booking.com/hotel/us/the-park-central-san-francisco.html?selected_currency=USD&changed_currency=1&top_currency=1&lang=en-us&group_adults=2&no_rooms=1&price=USD-0-999999-1,https://cf.bstatic.com/xdata/images/hotel/square200/400922794.webp?k=34c0b43835ecd5182d058ac6be7563aaf1af47a2f240453079103d27dda00232&o=&s=1,50,80,150,200
74,Super 8 by Wyndham San Francisco/Union Square Area,USA,,CA 95054,San Francisco,222 South Figueroa Street,7.5,1,https://www.booking.com/hotel/us/super-8-union-square.html?selected_currency=USD&changed_currency=1&top_currency=1&lang=en-us&group_adults=2&no_rooms=1&price=USD-0-999999-1,https://cf.bstatic.com/xdata/images/hotel/square200/137131045.webp?k=9cfea4df48b6af366c3d4ec85d56b96aed0d6b10b114c230b2fd6b81520cd1d5&o=&s=1,50,80,150,200
75,"The Ritz-Carlton, San Francisco",USA,,CA 95055,San Francisco,900 E 1st Street Unit 112,8.9,1,https://www.booking.com/hotel/us/the-ritz-carlton-san-francisco.html?selected_currency=USD&changed_currency=1&top_currency=1&lang=en-us&group_adults=2&no_rooms=1&price=USD-0-999999-1,https://cf.bstatic.com/xdata/images/hotel/square200/216730207.webp?k=9c872134dbd8e0618547116b17b3a8bf6b83232702dfea8275baa74a07b6b5e0&o=&s=1,50,80,150,200
76,Amsterdam Hostel,USA,,CA 95056,San Francisco,215 West 6th Street,6.7,1,https://www.booking.com/hotel/us/amsterdam-hostel.html?selected_currency=USD&changed_currency=1&top_currency=1&lang=en-us&group_adults=2&no_rooms=1&price=USD-0-999999-1,https://cf.bstatic.com/xdata/images/hotel/square200/305087301.webp?k=e4e4ca81857afb6da062d1cb4b99fb5b6995295e109409f0e10b1b79ca001238&o=&s=1,50,80,150,200
77,"Hotel Adagio, Autograph Collection",USA,,CA 95057,San Francisco,711 North Main Street,7.9,2,https://www.booking.com/hotel/us/adagio.html?selected_currency=USD&changed_currency=1&top_currency=1&lang=en-us&group_adults=2&no_rooms=1&price=USD-0-999999-1,https://cf.bstatic.com/xdata/images/hotel/square200/66838662.webp?k=5ac14e34595d6a33bb3ed8bf57d73651f56538a1fa4e369fd00667a900e54c8e&o=&s=1,50,80,150,200
78,Club Wyndham Canterbury,USA,,CA 95058,San Francisco,1312 5th Street Downtown LA,8.9,3,https://www.booking.com/hotel/us/san-francisco-750-sutter-street.html?selected_currency=USD&changed_currency=1&top_currency=1&lang=en-us&group_adults=2&no_rooms=1&price=USD-0-999999-1,https://cf.bstatic.com/xdata/images/hotel/square200/297204603.webp?k=c00bb860e4e5d7ac2ce2fc90bcc3a6ab6d74f7a2689471af874d1f8b3e6babea&o=&s=1,50,80,150,200
79,"Staypineapple, An Elegant Hotel, Union Square",USA,,CA 95059,San Francisco,312 West 5th Street unit 307,8.4,7,https://www.booking.com/hotel/us/staypineapple-union-square.html?selected_currency=USD&changed_currency=1&top_currency=1&lang=en-us&group_adults=2&no_rooms=1&price=USD-0-999999-1,https://cf.bstatic.com/xdata/images/hotel/square200/91387577.webp?k=a259f4cd245347f3b0ecf9b1e1b1ed86238d6de441f16efcd734677ec6adee0d&o=&s=1,50,80,150,200
80,"Hotel Zetta San Francisco, a Viceroy Urban Retreat",USA,,CA 95060,San Francisco,555 North Spring Street B815,8.5,1,https://www.booking.com/hotel/us/zetta.html?selected_currency=USD&changed_currency=1&top_currency=1&lang=en-us&group_adults=2&no_rooms=1&price=USD-0-999999-1,https://cf.bstatic.com/xdata/images/hotel/square200/155105997.webp?k=13184690ba0b465547566aa57f4363c9ee88ca6db2050200b1ede7f67433cef6&o=&s=1,50,80,150,200
81,Stanford Court San Francisco,USA,,CA 95061,San Francisco,100 South Grand Ave.,8.6,1,https://www.booking.com/hotel/us/stanford-court-san-francisco.html?selected_currency=USD&changed_currency=1&top_currency=1&lang=en-us&group_adults=2&no_rooms=1&price=USD-0-999999-1,https://cf.bstatic.com/xdata/images/hotel/square200/221957901.webp?k=367fd38bfe2bc7ec7d2852eef0cc4c321fdb787349b32992bbc4aaedd595a910&o=&s=1,50,80,150,200
82,Haas Building Residences,California,"219 w. 7th Street, Downtown LA, Los Angeles, CA 90014, United States of America",CA 90014,Los Angeles,219 w. 7th Street,8.1,249,https://www.booking.com/hotel/us/haas-building-residences.html?selected_currency=USD&changed_currency=1&top_currency=1&lang=en-us&group_adults=2&no_rooms=1&price=USD-0-999999-1,https://cf.bstatic.com/xdata/images/hotel/max1024x768/289146863.jpg?k=76bfc09fdc6e1bfbc1b6ae0c5eaf87b136c5d8ec0cba291b64ddb6ff3d9f97b5&o=&hp=1,50,80,150,200
83,Doubletree by Hilton Los Angeles Downtown,California,"120 South Los Angeles Street, Downtown LA, Los Angeles, CA 90012, United States of America",CA 90012,Los Angeles,120 South Los Angeles Street,7.3,719,https://www.booking.com/hotel/us/doubletree-by-hilton-los-angeles-downtown.html?selected_currency=USD&changed_currency=1&top_currency=1&lang=en-us&group_adults=2&no_rooms=1&price=USD-0-999999-1,https://cf.bstatic.com/xdata/images/hotel/max1024x768/14557066.jpg?k=b78a237f0fc9903f55c58476c0f20236748c9b3c96f552e92ba66e50efc5691e&o=&hp=1,50,80,150,200
84,EXECUTIVE STAY IN THE HEART OF DTLA,California,"200 South Los Angeles Street, Downtown LA, Los Angeles, CA 90012, United States of America",CA 90012,Los Angeles,200 South Los Angeles Street,8.8,14,https://www.booking.com/hotel/us/executive-stay-in-the-heart-of-dtla.html?selected_currency=USD&changed_currency=1&top_currency=1&lang=en-us&group_adults=2&no_rooms=1&price=USD-0-999999-1,https://cf.bstatic.com/xdata/images/hotel/max1024x768/338305748.jpg?k=a227113b044e291b6a3735262fb13e6eb8f6c408d565f79580303469973c5c33&o=&hp=1,50,80,150,200
85,Lovely Quiet Downtown Studio,California,"900 West Temple Street, Downtown LA, Los Angeles, CA 90012, United States of America",CA 90012,Los Angeles,900 West Temple Street,8.5,2,https://www.booking.com/hotel/us/lovely-quiet-downtown-studio.html?selected_currency=USD&changed_currency=1&top_currency=1&lang=en-us&group_adults=2&no_rooms=1&price=USD-0-999999-1,https://t-cf.bstatic.com/xdata/images/hotel/max1024x768/388445549.jpg?k=a09aaf7ae424943dcd2b890959eec3e1074dfe4f861fddd4d9e2886685643bc1&o=&hp=1,50,80,150,200
86,Hilton Checkers Los Angeles,California,"535 South Grand Avenue, Downtown LA, Los Angeles, CA 90071, United States of America",CA 90071,Los Angeles,535 South Grand Avenue,7.8,400,https://www.booking.com/hotel/us/hilton-checkers-los-angeles.html?selected_currency=USD&changed_currency=1&top_currency=1&lang=en-us&group_adults=2&no_rooms=1&price=USD-0-999999-1,https://cf.bstatic.com/xdata/images/hotel/max1024x768/241540762.jpg?k=48935a5b6e0de7669d8ef04277b776a7b0346a75fab724c90a805d26c7b2ada3&o=&hp=1,50,80,150,200
87,1B1BA w. indoor Patio,California,"123 South Figueroa Street, Downtown LA, Los Angeles, CA 90012, United States of America",CA 90012,Los Angeles,123 South Figueroa Street,,0,https://www.booking.com/hotel/us/1b1ba-w-indoor-patio.html?selected_currency=USD&changed_currency=1&top_currency=1&lang=en-us&group_adults=2&no_rooms=1&price=USD-0-999999-1,https://t-cf.bstatic.com/xdata/images/hotel/max1024x768/401302583.jpg?k=a4c249c5e9e7af3e80df89a5016cfa40344ed0af03d5a362223f9d432f302ed0&o=&hp=1,50,80,150,200
88,Downtown LA Loft Free Parking Rooftop Pool Jacuzzi,California,"600 South Spring Street , Downtown LA, Los Angeles, CA 90014, United States of America",CA 90014,Los Angeles,600 South Spring Street,6.9,11,https://www.booking.com/hotel/us/downtown-la-loft-free-parking-rooftop-pool-jacuzzi.html?selected_currency=USD&changed_currency=1&top_currency=1&lang=en-us&group_adults=2&no_rooms=1&price=USD-0-999999-1,https://t-cf.bstatic.com/xdata/images/hotel/max1024x768/358152642.jpg?k=ed91ddb34be8afe38fd08e3a2ecdd3afdea0763eeb17034fb268b69625566f3b&o=&hp=1,50,80,150,200
89,Millennium Biltmore Los Angeles,California,"506 South Grand Avenue, Downtown LA, Los Angeles, CA 90071, United States of America",CA 90071,Los Angeles,506 South Grand Avenue,7.3,4364,https://www.booking.com/hotel/us/millennium-biltmore.html?selected_currency=USD&changed_currency=1&top_currency=1&lang=en-us&group_adults=2&no_rooms=1&price=USD-0-999999-1,https://cf.bstatic.com/xdata/images/hotel/max1024x768/91608028.jpg?k=ddbdfba91638d216c86361c2a85a7c6d53c59d6dfc48d7fed726a0f9c56205dd&o=&hp=1,50,80,150,200
90,American Hotel,California,"303 South Hewitt Street, Downtown LA, Los Angeles, CA 90013, United States of America",CA 90013,Los Angeles,303 South Hewitt Street,7.6,1102,https://www.booking.com/hotel/us/american-los-angeles.html?selected_currency=USD&changed_currency=1&top_currency=1&lang=en-us&group_adults=2&no_rooms=1&price=USD-0-999999-1,https://t-cf.bstatic.com/xdata/images/hotel/max1024x768/43944198.jpg?k=c1aa3510adebec9bf07f8699206b4dea028091cfa204c0461e577c87f7cd6647&o=&hp=1,50,80,150,200
91,luxury spacious downtown loft,California,"600 South Spring Street, Downtown LA, Los Angeles, CA 90014, United States of America",CA 90014,Los Angeles,600 South Spring Street,8.1,7,https://www.booking.com/hotel/us/luxury-spacious-downtown-loft.html?selected_currency=USD&changed_currency=1&top_currency=1&lang=en-us&group_adults=2&no_rooms=1&price=USD-0-999999-1,https://cf.bstatic.com/xdata/images/hotel/max1024x768/312411633.jpg?k=9d340ccd6981a3573e151645a2ea861d1d2361c085cbc724f9a9ba01baf08ff8&o=&hp=1,50,80,150,200
92,Huge Downtown LA Loft with Rooftop Pool & Jacuzzi,California,"600 South Spring Street, Downtown LA, Los Angeles, CA 90014, United States of America",CA 90014,Los Angeles,600 South Spring Street,7.4,53,https://www.booking.com/hotel/us/huge-downtown-la-loft-with-rooftop-pool-amp-jacuzzi.html?selected_currency=USD&changed_currency=1&top_currency=1&lang=en-us&group_adults=2&no_rooms=1&price=USD-0-999999-1,https://t-cf.bstatic.com/xdata/images/hotel/max1024x768/315231717.jpg?k=9066dfa89b9d22c3287fd1666c9abe104f628d78abd21be25d0ab6379588d599&o=&hp=1,50,80,150,200
93,Skye bunker hill,California,"222 South Figueroa Street, Downtown LA, Los Angeles, CA 90012, United States of America",CA 90012,Los Angeles,222 South Figueroa Street,,0,https://www.booking.com/hotel/us/skye-bunker-hill.html?selected_currency=USD&changed_currency=1&top_currency=1&lang=en-us&group_adults=2&no_rooms=1&price=USD-0-999999-1,https://cf.bstatic.com/xdata/images/hotel/max1024x768/378418893.jpg?k=e72705cc53eb1a46baf28949a38453c10c3a686fe634b254ee994d7b817d3378&o=&hp=1,50,80,150,200
94,PodShare DTLA,California,"900 E 1st Street Unit 112, Downtown LA, Los Angeles, 90012, United States of America",90012,Los Angeles,900 E 1st Street Unit 112,7.3,363,https://www.booking.com/hotel/us/podshare-dtla.html?selected_currency=USD&changed_currency=1&top_currency=1&lang=en-us&group_adults=2&no_rooms=1&price=USD-0-999999-1,https://t-cf.bstatic.com/xdata/images/hotel/max1024x768/171517360.jpg?k=b02e814fb9b7f02378b50ad762da466d1dd7d6231e02782cf296355d03ab88d8&o=&hp=1,50,80,150,200
95,Modern Elite Open Style Loft with Rooftop Pool & Jacuzzi,California,"215 West 6th Street, Downtown LA, Los Angeles, CA 90014, United States of America",CA 90014,Los Angeles,215 West 6th Street,7,36,https://www.booking.com/hotel/us/kbellas-loft-vacation-rental-with-rooftop-pool-jacuzzi.html?selected_currency=USD&changed_currency=1&top_currency=1&lang=en-us&group_adults=2&no_rooms=1&price=USD-0-999999-1,https://t-cf.bstatic.com/xdata/images/hotel/max1024x768/337579724.jpg?k=434ce6157539818d6170e02fc2cc0c517b200c0b5799b9220b519bd5d1988071&o=&hp=1,50,80,150,200
96,Metro Plaza Hotel,California,"711 North Main Street, Downtown LA, Los Angeles, CA 90012, United States of America",CA 90012,Los Angeles,711 North Main Street,7,927,https://www.booking.com/hotel/us/metro-plaza.html?selected_currency=USD&changed_currency=1&top_currency=1&lang=en-us&group_adults=2&no_rooms=1&price=USD-0-999999-1,https://cf.bstatic.com/xdata/images/hotel/max1024x768/4199588.jpg?k=c25de9b3bb9d88b63a0b2ddcfda9776a70b552852ed51d5cf4abc8543c164462&o=&hp=1,50,80,150,200
97,Designer Downtown Los Angeles Loft,California,"1312 5th Street Downtown LA, Downtown LA, Los Angeles, CA 91201, United States of America",CA 91201,Los Angeles,1312 5th Street Downtown LA,,0,https://www.booking.com/hotel/us/designer-downtown-los-angeles-loft.html?selected_currency=USD&changed_currency=1&top_currency=1&lang=en-us&group_adults=2&no_rooms=1&price=USD-0-999999-1,https://cf.bstatic.com/xdata/images/hotel/max1024x768/384979308.jpg?k=e8125e4a1e5435afe1688200f9095a21a02e68fe23a2c148ee33ef71ad06e50f&o=&hp=1,50,80,150,200
98,"Monkey Loft, Downtown Los Angeles",California,"312 West 5th Street unit 307, Downtown LA, Los Angeles, CA 90013, United States of America",CA 90013,Los Angeles,312 West 5th Street unit 307,8,14,https://www.booking.com/hotel/us/monkey-loft-downtown-los-angeles.html?selected_currency=USD&changed_currency=1&top_currency=1&lang=en-us&group_adults=2&no_rooms=1&price=USD-0-999999-1,https://cf.bstatic.com/xdata/images/hotel/max1024x768/217861597.jpg?k=64c1a10e463b5621b96ec26fe274fc26a62abd9a6f249dddb637f60becb314c8&o=&hp=1,50,80,150,200
99,SuitesRUs Apart Hotel at Chinatown,California,"555 North Spring Street B815, Downtown LA, Los Angeles, CA 90012, United States of America",CA 90012,Los Angeles,555 North Spring Street B815,9,3,https://www.booking.com/hotel/us/suitesrus-apart-at-chinatown.html?selected_currency=USD&changed_currency=1&top_currency=1&lang=en-us&group_adults=2&no_rooms=1&price=USD-0-999999-1,https://t-cf.bstatic.com/xdata/images/hotel/max1024x768/332141090.jpg?k=baa527b67909e096e0a1c499cf67ec494409fb0efa8fa8d56260d1028b48ef39&o=&hp=1,50,80,150,200
100,Conrad Los Angeles,California,"100 South Grand Ave., Downtown LA, Los Angeles, CA 90012, United States of America",CA 90012,Los Angeles,100 South Grand Ave.,9,3,https://www.booking.com/hotel/us/conrad-los-angeles.html?selected_currency=USD&changed_currency=1&top_currency=1&lang=en-us&group_adults=2&no_rooms=1&price=USD-0-999999-1,https://t-cf.bstatic.com/xdata/images/hotel/max1024x768/378249489.jpg?k=63a785aa9493af570d8f479299a4504e103ca19734bd480691eaf392aea23cf4&o=&hp=1,50,80,150,200
101,Omni Los Angeles Hotel California Plaza,California,"251 South Olive Street, Downtown LA, Los Angeles, CA 90012, United States of America",CA 90012,Los Angeles,251 South Olive Street,8.5,1114,https://www.booking.com/hotel/us/omni-los-angeles.html?selected_currency=USD&changed_currency=1&top_currency=1&lang=en-us&group_adults=2&no_rooms=1&price=USD-0-999999-1,https://cf.bstatic.com/xdata/images/hotel/max1024x768/374718403.jpg?k=d07b9c5f0bb43cab4dfb0071aeff89a17d0572f22d47d96b2d4743abb93da389&o=&hp=1,50,80,150,200
102,Oneluxstay At HWH LA Downtown,California,"354 South Spring Street 401, Downtown LA, Los Angeles, CA 90013, United States of America",CA 90013,Los Angeles,354 South Spring Street 401,7.1,14,https://www.booking.com/hotel/us/suitesrus-apart-downtown-la.html?selected_currency=USD&changed_currency=1&top_currency=1&lang=en-us&group_adults=2&no_rooms=1&price=USD-0-999999-1,https://cf.bstatic.com/xdata/images/hotel/max1024x768/353583732.jpg?k=77c6e0259d9f6c3b2d41e0465e40ce209b876f4c115bfac0904d62ef4d098eef&o=&hp=1,50,80,150,200
103,citizenM Los Angeles Downtown,California,"361 South Spring Street, Downtown LA, Los Angeles, CA 90013, United States of America",CA 90013,Los Angeles,361 South Spring Street,8.8,1729,https://www.booking.com/hotel/us/citizenm-los-angeles-downtown.html?selected_currency=USD&changed_currency=1&top_currency=1&lang=en-us&group_adults=2&no_rooms=1&price=USD-0-999999-1,https://cf.bstatic.com/xdata/images/hotel/max1024x768/352089258.jpg?k=a80aa4bbfde7a29114b1c9166af0a926ef9582835f6ece1a900dc4cef4024c84&o=&hp=1,50,80,150,200
104,Kawada Hotel,California,"200 South Hill Street, Downtown LA, Los Angeles, CA 90012, United States of America",CA 90012,Los Angeles,200 South Hill Street,7.4,1090,https://www.booking.com/hotel/us/kawada.html?selected_currency=USD&changed_currency=1&top_currency=1&lang=en-us&group_adults=2&no_rooms=1&price=USD-0-999999-1,https://t-cf.bstatic.com/xdata/images/hotel/max1024x768/99484507.jpg?k=8765b28509a834083d2d4a9c576086d26d35c65dae1a8b3d718fd6cc17be00ae&o=&hp=1,50,80,150,200
105,Miyako Hotel Los Angeles,California,"328 East 1st Street, Downtown LA, Los Angeles, CA 90012, United States of America",CA 90012,Los Angeles,328 East 1st Street,8.7,1238,https://www.booking.com/hotel/us/miyako-los-angeles.html?selected_currency=USD&changed_currency=1&top_currency=1&lang=en-us&group_adults=2&no_rooms=1&price=USD-0-999999-1,https://t-cf.bstatic.com/xdata/images/hotel/max1024x768/139617833.jpg?k=d4776c3c866ec4d365e2423f87e183c58794eb7952ff9d3e2dfa9f2a2b244811&o=&hp=1,50,80,150,200
106,Little Tokyo Hotel,California,"327 1/2 E 1st St, Downtown LA, Los Angeles, CA 90012, United States of America",CA 90012,Los Angeles,327 1/2 E 1st St,7.1,586,https://www.booking.com/hotel/us/little-tokyo.html?selected_currency=USD&changed_currency=1&top_currency=1&lang=en-us&group_adults=2&no_rooms=1&price=USD-0-999999-1,https://cf.bstatic.com/xdata/images/hotel/max1024x768/266872416.jpg?k=424bff1abf51ffdcfe4773184dc6ddcb64d3da67116bb72020286c54f9739e38&o=&hp=1,50,80,150,200
107,2 Bedroom Condo with Pool and Downtown LA View,California,"939 South Broadway, Downtown LA, Los Angeles, CA 90015, United States of America",CA 90015,Los Angeles,939 South Broadway,,0,https://www.booking.com/hotel/us/2-bedroom-condo-with-pool-and-downtown-la-view.html?selected_currency=USD&changed_currency=1&top_currency=1&lang=en-us&group_adults=2&no_rooms=1&price=USD-0-999999-1,https://t-cf.bstatic.com/xdata/images/hotel/max1024x768/393664235.jpg?k=dbf0b92bcaee886eadf5067ab06e0a45a905471142a9e8507d5cc423c2607ddf&o=&hp=1,50,80,150,200
108,Luxury Condo in the heart of DTLA,California,"939 South Broadway M5, Downtown LA, Los Angeles, CA 90015, United States of America",CA 90015,Los Angeles,939 South Broadway M5,10,0,https://www.booking.com/hotel/us/gorgeous-condo-near-dtla.html?selected_currency=USD&changed_currency=1&top_currency=1&lang=en-us&group_adults=2&no_rooms=1&price=USD-0-999999-1,https://cf.bstatic.com/xdata/images/hotel/max1024x768/328052544.jpg?k=731eadede2492bcad2c5dc5777b363a48f1bcb02944c4e1e64728a3402d23c19&o=&hp=1,50,80,150,200
109,"The Wayfarer Downtown LA, Tapestry Collection by Hilton",California,"813 South Flower Street, Downtown LA, Los Angeles, CA 90017, United States of America",CA 90017,Los Angeles,813 South Flower Street,8.1,587,https://www.booking.com/hotel/us/the-wayfarer-dtla.html?selected_currency=USD&changed_currency=1&top_currency=1&lang=en-us&group_adults=2&no_rooms=1&price=USD-0-999999-1,https://cf.bstatic.com/xdata/images/hotel/max1024x768/243193548.jpg?k=970bd6f94a5233a51dd6da40410cc072db918b3d7a72ef5377d1180479747efe&o=&hp=1,50,80,150,200
110,O Hotel,California,"819 South Flower Street, Downtown LA, Los Angeles, CA 90017, United States of America",CA 90017,Los Angeles,819 South Flower Street,7.9,1030,https://www.booking.com/hotel/us/o.html?selected_currency=USD&changed_currency=1&top_currency=1&lang=en-us&group_adults=2&no_rooms=1&price=USD-0-999999-1,https://cf.bstatic.com/xdata/images/hotel/max1024x768/68405210.jpg?k=3ec44cd6028ccf33deca65e91eb870c7eca7a34d90b51e578a01c7c1e85c795d&o=&hp=1,50,80,150,200
111,Ace Hotel Downtown Los Angeles,California,"929 South Broadway, Downtown LA, Los Angeles, CA 90015, United States of America",CA 90015,Los Angeles,929 South Broadway,7.7,674,https://www.booking.com/hotel/us/ace-downtown-los-angeles.html?selected_currency=USD&changed_currency=1&top_currency=1&lang=en-us&group_adults=2&no_rooms=1&price=USD-0-999999-1,https://cf.bstatic.com/xdata/images/hotel/max1024x768/42107121.jpg?k=0fc436a66ce3ccc5d27e0b7dc1ecf0cd9bfadd1c0dc00f0954d3a3ddffe96428&o=&hp=1,50,80,150,200
112,Premium Apartments in Downtown Chicago,Chicago,"Chicago Loop, Chicago, IL 60601, United States of America",IL 60601,Illinois,,,0,https://www.booking.com/hotel/us/premium-apartments-in-downtown-chicago.html?selected_currency=USD&changed_currency=1&top_currency=1&lang=en-us&group_adults=2&no_rooms=1&price=USD-0-999999-1,https://cf.bstatic.com/xdata/images/hotel/max1024x768/308799633.jpg?k=acbe19c173854871404b5a575d735b7f1244b124b489c86fe4be92a28901d024&o=&hp=1,50,80,150,200
113,The Royal Sonesta Chicago Downtown,Chicago,"71 East Wacker Drive, Chicago Loop, Chicago, IL 60601, United States of America",IL 60601,Illinois,71 East Wacker Drive,8.4,1901,https://www.booking.com/hotel/us/royal-sonesta-chicago-riverfront.html?selected_currency=USD&changed_currency=1&top_currency=1&lang=en-us&group_adults=2&no_rooms=1&price=USD-0-999999-1,https://t-cf.bstatic.com/xdata/images/hotel/max1024x768/339705105.jpg?k=281f7d92ddf2cac3554e954907e03f092e6d7a0adfec016eb77de495ca87d9ef&o=&hp=1,50,80,150,200
114,"Club Quarters Hotel Wacker at Michigan, Chicago",Chicago,"75 East Wacker Drive, Chicago Loop, Chicago, IL 60601, United States of America",IL 60601,Illinois,75 East Wacker Drive,8.2,2551,https://www.booking.com/hotel/us/club-quarters-wacker-at-michigan.html?selected_currency=USD&changed_currency=1&top_currency=1&lang=en-us&group_adults=2&no_rooms=1&price=USD-0-999999-1,https://cf.bstatic.com/xdata/images/hotel/max1024x768/282380284.jpg?k=1cd5b5ab5fa924e3fd19600b2bf8751979eeef47c554993ce58f80c18bab9928&o=&hp=1,50,80,150,200
115,Renaissance Chicago Downtown Hotel,Chicago,"1 West Wacker Drive, Chicago Loop, Chicago, IL 60601, United States of America",IL 60601,Illinois,1 West Wacker Drive,8.8,311,https://www.booking.com/hotel/us/renaissance-chicago.html?selected_currency=USD&changed_currency=1&top_currency=1&lang=en-us&group_adults=2&no_rooms=1&price=USD-0-999999-1,https://cf.bstatic.com/xdata/images/hotel/max1024x768/82327780.jpg?k=f8a7db4584c4b76bd0e1937c79a567b34c0068bbb4b7873d72f35c5bb2b06609&o=&hp=1,50,80,150,200
116,Virgin Hotels Chicago,Chicago,"203 N Wabash Ave, Chicago Loop, Chicago, 60601, United States of America",60601,Illinois,203 N Wabash Ave,8.9,1390,https://www.booking.com/hotel/us/virgin-hotels-chicago-chicago.html?selected_currency=USD&changed_currency=1&top_currency=1&lang=en-us&group_adults=2&no_rooms=1&price=USD-0-999999-1,https://t-cf.bstatic.com/xdata/images/hotel/max1024x768/267303535.jpg?k=b56089dba5119bf999b53631808788109d6189bd78876c5c2bdf7fe069818277&o=&hp=1,50,80,150,200
117,River Hotel,Chicago,"75A East Wacker Drive, Chicago Loop, Chicago, IL 60601, United States of America",IL 60601,Illinois,75A East Wacker Drive,8.4,3217,https://www.booking.com/hotel/us/the-chicago-river.html?selected_currency=USD&changed_currency=1&top_currency=1&lang=en-us&group_adults=2&no_rooms=1&price=USD-0-999999-1,https://cf.bstatic.com/xdata/images/hotel/max1024x768/76904982.jpg?k=aa642b4c815a0eab5d367533700e7ce0fda0e34baa820f8b5ca87d4a164f613d&o=&hp=1,50,80,150,200
118,Radisson Blu Aqua Hotel Chicago,Chicago,"221 North Columbus Drive, Chicago Loop, Chicago, IL 60601, United States of America",IL 60601,Illinois,221 North Columbus Drive,7.9,1427,https://www.booking.com/hotel/us/radisson-blu-aqua-chicago.html?selected_currency=USD&changed_currency=1&top_currency=1&lang=en-us&group_adults=2&no_rooms=1&price=USD-0-999999-1,https://t-cf.bstatic.com/xdata/images/hotel/max1024x768/232834691.jpg?k=8d207b66233ceaac4130fe758e65f50875d20ae1a9cb41d0e20048578857318a&o=&hp=1,50,80,150,200
119,Hampton Inn Majestic Chicago Theatre District,Chicago,"22 West Monroe, Chicago Loop, Chicago, IL 60603, United States of America",IL 60603,Illinois,22 West Monroe,8.7,608,https://www.booking.com/hotel/us/hampton-inn-majestic-chicago-theatre-district.html?selected_currency=USD&changed_currency=1&top_currency=1&lang=en-us&group_adults=2&no_rooms=1&price=USD-0-999999-1,https://t-cf.bstatic.com/xdata/images/hotel/max1024x768/210323665.jpg?k=58d6472475e4bde2589ef660267d6ab3e74250a3ba0b3df1bd8eb096c6d742db&o=&hp=1,50,80,150,200
120,Hyatt Centric The Loop Chicago,Chicago,"100 West Monroe Street, Chicago Loop, Chicago, IL 60603, United States of America",IL 60603,Illinois,100 West Monroe Street,8.2,1003,https://www.booking.com/hotel/us/hyatt-centric-the-loop-chicago.html?selected_currency=USD&changed_currency=1&top_currency=1&lang=en-us&group_adults=2&no_rooms=1&price=USD-0-999999-1,https://t-cf.bstatic.com/xdata/images/hotel/max1024x768/365600372.jpg?k=5d0a36adbc54409f90773f85fe35eac519c391c682b0fd0c2f862c0c7569da76&o=&hp=1,50,80,150,200
121,Hilton Garden Inn Chicago Downtown Riverwalk,Chicago,"66 East Wacker Place, Chicago Loop, Chicago, IL 60601, United States of America",IL 60601,Illinois,66 East Wacker Place,8.4,1023,https://www.booking.com/hotel/us/hilton-garden-inn-chicago-downtown-north-loop.html?selected_currency=USD&changed_currency=1&top_currency=1&lang=en-us&group_adults=2&no_rooms=1&price=USD-0-999999-1,https://cf.bstatic.com/xdata/images/hotel/max1024x768/54508345.jpg?k=4cfb29fcc8a73d0fc1622c5372326a58e84dc95b885763c2da638e9b3a54a097&o=&hp=1,50,80,150,200
122,Fairmont Chicago Millennium Park,Chicago,"200 North Columbus, Chicago Loop, Chicago, IL 60601, United States of America",IL 60601,Illinois,200 North Columbus,8,115,https://www.booking.com/hotel/us/the-fairmont.html?selected_currency=USD&changed_currency=1&top_currency=1&lang=en-us&group_adults=2&no_rooms=1&price=USD-0-999999-1,https://cf.bstatic.com/xdata/images/hotel/max1024x768/380158506.jpg?k=da700632d9787b4c18539f1eb4f87cebfcb0dd6e8c37e3ab80bbd14cf0f83644&o=&hp=1,50,80,150,200
123,"Kimpton Hotel Monaco Chicago, an IHG Hotel",Chicago,"225 North Wabash Street, Chicago Loop, Chicago, IL 60601, United States of America",IL 60601,Illinois,225 North Wabash Street,9,227,https://www.booking.com/hotel/us/monaco-chicago.html?selected_currency=USD&changed_currency=1&top_currency=1&lang=en-us&group_adults=2&no_rooms=1&price=USD-0-999999-1,https://t-cf.bstatic.com/xdata/images/hotel/max1024x768/260356793.jpg?k=1967b1a3cb785b3011edb70a1d24231c2e0ba5c0338741ee661de5cf41622868&o=&hp=1,50,80,150,200
124,"theWit Chicago, A DoubleTree by Hilton Hotel",Chicago,"201 North State Street, Chicago Loop, Chicago, IL 60601, United States of America",IL 60601,Illinois,201 North State Street,8.2,471,https://www.booking.com/hotel/us/thewit-a-doubletree.html?selected_currency=USD&changed_currency=1&top_currency=1&lang=en-us&group_adults=2&no_rooms=1&price=USD-0-999999-1,https://t-cf.bstatic.com/xdata/images/hotel/max1024x768/229436550.jpg?k=a1adf89c8d85148030c93d98b7e6ff599f4f2f7a66b51ee604de7022e107d5ea&o=&hp=1,50,80,150,200
125,Hampton Inn Chicago Downtown/N Loop/Michigan Ave,Chicago,"68 East Wacker Place, Chicago Loop, Chicago, IL 60601, United States of America",IL 60601,Illinois,68 East Wacker Place,7.9,1066,https://www.booking.com/hotel/us/hampton-inn-chicago-downtown-n-loop-michigan-ave.html?selected_currency=USD&changed_currency=1&top_currency=1&lang=en-us&group_adults=2&no_rooms=1&price=USD-0-999999-1,https://t-cf.bstatic.com/xdata/images/hotel/max1024x768/75421135.jpg?k=6fdba1c6f341d22792e5754c6a29f0afb7c1a6f36217847023a36021ce550202&o=&hp=1,50,80,150,200
126,citizenM Chicago Downtown,Chicago,"80 East Wacker Place, Chicago Loop, Chicago, IL 60601, United States of America",IL 60601,Illinois,80 East Wacker Place,9.1,28,https://www.booking.com/hotel/us/citizenm-chicago-downtown.html?selected_currency=USD&changed_currency=1&top_currency=1&lang=en-us&group_adults=2&no_rooms=1&price=USD-0-999999-1,https://cf.bstatic.com/xdata/images/hotel/max1024x768/398344110.jpg?k=bdf4f1388ce109f1d9e0c3403bbc7edd22ff0915f6b5fa5abfa235fe759d47fe&o=&hp=1,50,80,150,200
127,Pendry Chicago,Chicago,"230 North Michigan Avenue, Chicago Loop, Chicago, IL 60601, United States of America",IL 60601,Illinois,230 North Michigan Avenue,9,666,https://www.booking.com/hotel/us/pendry-chicago.html?selected_currency=USD&changed_currency=1&top_currency=1&lang=en-us&group_adults=2&no_rooms=1&price=USD-0-999999-1,https://t-cf.bstatic.com/xdata/images/hotel/max1024x768/321706505.jpg?k=4cf37369c71b0f729c1abb3fd451f5e29fa005c96af45f26220edcca0d6523db&o=&hp=1,50,80,150,200
128,Cambria Hotel Chicago Loop/Theatre District,Chicago,"32 W Randolph St, Chicago Loop, Chicago, IL 60601, United States of America",IL 60601,Illinois,32 W Randolph St,8.4,1231,https://www.booking.com/hotel/us/cambria-suites.html?selected_currency=USD&changed_currency=1&top_currency=1&lang=en-us&group_adults=2&no_rooms=1&price=USD-0-999999-1,https://cf.bstatic.com/xdata/images/hotel/max1024x768/169848355.jpg?k=adbf3ecd6444c02fa23416292b6207c7f0b715ebf4b0006d3e06ccfb364c8ea3&o=&hp=1,50,80,150,200
129,ENVITAE 3BR Luxury Corner Loft with Navy Pier Views,Chicago,"West Lake Street, Chicago Loop, Chicago, IL 60601, United States of America",IL 60601,Illinois,West Lake Street,8.3,1,https://www.booking.com/hotel/us/3b-47-3b-lux-huge-corner-amazing-navy-pier-views.html?selected_currency=USD&changed_currency=1&top_currency=1&lang=en-us&group_adults=2&no_rooms=1&price=USD-0-999999-1,https://t-cf.bstatic.com/xdata/images/hotel/max1024x768/234815808.jpg?k=7bc210af453ca7cda6ad6ee1d928987b0dfb391dca8eb1f302dbd262351016f2&o=&hp=1,50,80,150,200
130,"Staypineapple, An Iconic Hotel, The Loop",Chicago,"1 West Washington, Chicago Loop, Chicago, IL 60601, United States of America",IL 60601,Illinois,1 West Washington,8.7,938,https://www.booking.com/hotel/us/staypineapple-the-loop.html?selected_currency=USD&changed_currency=1&top_currency=1&lang=en-us&group_adults=2&no_rooms=1&price=USD-0-999999-1,https://t-cf.bstatic.com/xdata/images/hotel/max1024x768/195519380.jpg?k=044729e1c181d237ba115decc9608cb9b2d56def0e23d3149830e8b8cd427d63&o=&hp=1,50,80,150,200
131,Hotel Julian Chicago,Chicago,"168 North Michigan Avenue, Chicago Loop, Chicago, IL 60601, United States of America",IL 60601,Illinois,168 North Michigan Avenue,8.4,748,https://www.booking.com/hotel/us/julian-chicago-chicago1.html?selected_currency=USD&changed_currency=1&top_currency=1&lang=en-us&group_adults=2&no_rooms=1&price=USD-0-999999-1,https://cf.bstatic.com/xdata/images/hotel/max1024x768/158119330.jpg?k=daa5d3598d946efa909fe7ccbe12d66a65a426886cf1ae7b37b85f7d1cf651ec&o=&hp=1,50,80,150,200
132,The Palmer House Hilton,Chicago,"17 East Monroe Street, Chicago Loop, Chicago, IL 60603, United States of America",IL 60603,Illinois,17 East Monroe Street,7.7,828,https://www.booking.com/hotel/us/the-palmer-house.html?selected_currency=USD&changed_currency=1&top_currency=1&lang=en-us&group_adults=2&no_rooms=1&price=USD-0-999999-1,https://t-cf.bstatic.com/xdata/images/hotel/max1024x768/27052288.jpg?k=c50822df32b79337d31ca1cd09ed5189352d6db9b6f02be78b5b0248dd0d0c7f&o=&hp=1,50,80,150,200
133,The Chicago Hotel Collection Millennium Park,Chicago,"55 E Washington St Chicago IL, Chicago Loop, Chicago, 60602, United States of America",60602,Illinois,55 E Washington St Chicago IL,5.5,190,https://www.booking.com/hotel/us/north-michigan.html?selected_currency=USD&changed_currency=1&top_currency=1&lang=en-us&group_adults=2&no_rooms=1&price=USD-0-999999-1,https://t-cf.bstatic.com/xdata/images/hotel/max1024x768/52398694.jpg?k=994087f67936b5e14c065d83524e9cd908fb061668c6661c7f5ce097ad295c10&o=&hp=1,50,80,150,200
134,Silversmith Hotel Chicago Downtown,Chicago,"10 South Wabash Avenue, Chicago Loop, Chicago, IL 60603, United States of America",IL 60603,Illinois,10 South Wabash Avenue,8.6,605,https://www.booking.com/hotel/us/the-silversmith.html?selected_currency=USD&changed_currency=1&top_currency=1&lang=en-us&group_adults=2&no_rooms=1&price=USD-0-999999-1,https://t-cf.bstatic.com/xdata/images/hotel/max1024x768/340583317.jpg?k=150b09ae1d79fa6ae0dd7e591ffc48b4c65665821b209d3012bb77b39864f151&o=&hp=1,50,80,150,200
135,Sonder Jewelers Row,Chicago,"19 South Wabash Avenue, Chicago Loop, Chicago, 60603, United States of America",60603,Illinois,19 South Wabash Avenue,8.1,117,https://www.booking.com/hotel/us/sonder-at-jewelers-row.html?selected_currency=USD&changed_currency=1&top_currency=1&lang=en-us&group_adults=2&no_rooms=1&price=USD-0-999999-1,https://cf.bstatic.com/xdata/images/hotel/max1024x768/287983649.jpg?k=05057bf223c0bf31b14b760b68a94af8ed986db4838eab5446e6acc9ee201169&o=&hp=1,50,80,150,200